Source,Title,URL,Annotation,,
Digital Trends,5 movies like Five Nights at Freddy’s you should watch right now,https://www.digitaltrends.com/movies/five-movies-like-five-nights-at-freddys-you-should-watch/,1,,
Gizmodo.com,The Marvels' First Clip Is a Body Swapping Brawl,https://gizmodo.com/the-marvels-first-clip-brie-larson-iman-vellani-mcu-1850976400,7,,
Gizmodo.com,Five Nights at Freddy's Trounces Mario and Halloween Ends to Smash Streaming Records,https://gizmodo.com/five-nights-at-freddy-peacock-record-breaking-streaming-1850978564,2,,
GameSpot,"Five Nights At Freddy's Movie Succeeded ""Beyond My Wildest Dreams,"" Creator Says",https://www.gamespot.com/articles/five-nights-at-freddys-movie-succeeded-beyond-my-wildest-dreams-creator-says/1100-6518853/,2,,
The A.V. Club,Blumhouse's Five Nights At Freddy's gambit paid off,https://www.avclub.com/blumhouses-five-nights-at-freddys-gambit-paid-off-1850973611,2,,
GameSpot,"Five Nights At Freddy's Movie Opens Massive, Breaks Box Office Records",https://www.gamespot.com/articles/five-nights-at-freddys-movie-opens-massive-breaks-box-office-records/1100-6518755/,2,10,
Eurogamer.net,Five Nights at Freddy's movie sees second-largest video game adaptation debut of all time,https://www.eurogamer.net/five-nights-at-freddys-movie-sees-second-largest-video-game-adaptation-debut-of-all-time,2,,
/FILM,Paranormal Activity's Box Office Profits Paved The Road To Five Nights At Freddy's,https://www.slashfilm.com/1433292/paranormal-activity-box-office-five-nights-at-freddys/,4,,
/FILM,5 Reasons Five Nights At Freddy's Killed At The Box Office,https://www.slashfilm.com/1433693/5-reasons-five-nights-at-freddys-killed-box-office/,2,,
/FILM,Every Way The Five Nights At Freddy's Movie Changes The Video Game Lore,https://www.slashfilm.com/1434184/five-nights-at-freddys-movie-changes-video-game-lore/,5,,
/FILM,How You Can Visit The Five Nights At Freddy's Animatronics In Real Life,https://www.slashfilm.com/1435145/visit-five-nights-at-freddys-animatronics/,4,,
/FILM,Five Nights At Freddy's Gave Gen Z A Blockbuster To Call Their Own (And The Box Office Is Better For It),https://www.slashfilm.com/1433923/five-nights-at-freddys-gave-gen-z-blockbuster-box-office/,2,,
Forbes,"Everything We Know About ‘Five Nights At Freddy’s 2,’ The Obvious Sequel",https://www.forbes.com/sites/paultassi/2023/10/30/everything-we-know-about-five-nights-at-freddys-2-the-obvious-sequel/,2,,
/FILM,Everyone On Five Nights With Freddy's Was 'A Little Obsessed' With One Character [Exclusive],https://www.slashfilm.com/1426388/five-nights-with-freddys-crew-obsessed-mr-cupcake-exclusive/,5,,
/FILM,Five Nights At Freddy Is Campy Horror For Kids And That's A Good Thing,https://www.slashfilm.com/1430388/five-nights-at-freddy-campy-horror-for-kids/,5,,
Forbes,"The Five Nights At Freddy’s Phenomenon, Explained",https://www.forbes.com/sites/danidiplacido/2023/10/31/the-five-nights-at-freddys-phenomenon-explained/,5,,
Forbes,Generation Alpha Driving Film Success Of Five Nights At Freddy’s,https://www.forbes.com/sites/christinecarter/2023/10/31/generation-alpha-driving-film-success-of-five-nights-at-freddys/,2,,
IGN,Five Nights at Freddy's Had Peacock's Biggest Five-Day Debut Ever,https://www.ign.com/articles/five-nights-at-freddys-no-1-most-watched-title-on-peacock,2,,
GameSpot,"M3gan Sequel Will Explore ""The AI Universe"" Even More",https://www.gamespot.com/articles/m3gan-sequel-will-explore-the-ai-universe-even-more/1100-6518843/,0,M3gan,
Forbes,The Top 10 Cable And Streaming Halloween Movies In 2023,https://www.forbes.com/sites/tonifitzgerald/2023/10/30/the-top-10-cable-and-streaming-halloween-movies-in-2023/,1,,
Screen Rant,Every Five Nights At Freddy's Cameo,https://screenrant.com/five-nights-at-freddys-movie-cameos/,5,,
Vanity Fair,'Five Nights At Freddy's' Shatters Box Office Expectations and Records,https://www.vanityfair.com/hollywood/2023/10/five-nights-at-freddys-shatters-box-office-expectations-and-records,2,,
TechRadar,Five Nights at Freddy's had Peacock's biggest-ever launch… but it's bad. Watch these 4 horror classics on there instead,https://www.techradar.com/streaming/five-nights-at-freddys-had-peacocks-biggest-ever-launch-but-its-bad-watch-these-4-horror-classics-on-there-instead,6,Bad review (not detailed) -> horror watchlist,
Boing Boing,"This man literally looks like everyone, and it is freaking me out!",https://boingboing.net/2023/11/02/this-man-literally-looks-like-everyone-and-it-is-freaking-me-out.html,0,,
Kotaku,"Despite Negative Reviews, Five Nights At Freddy’s Film Killing At The Box Office",https://kotaku.com/five-nights-at-freddys-fnaf-movie-review-box-office-1850974086,2,,
Pitchfork,Olivia Rodrigo’s New Song “Can’t Catch Me Now” Announced for Hunger Games Soundtrack,https://pitchfork.com/news/olivia-rodrigos-new-song-cant-catch-me-now-announced-for-hunger-games-soundtrack/,1,,
Screen Rant,Five Nights At Freddy's Box Office Breaks Shocking Halloween Record,https://screenrant.com/five-nights-freddys-box-office-record-horror-october/,2,,
GamesIndustry.biz,Five Nights at Freddy's film pulls in $80m,https://www.gamesindustry.biz/five-nights-at-freddys-film-pulls-in-80m,2,,
ComingSoon.net,Five Nights at Freddy’s Director Weighs in on if Blumhouse Will Release an R-Rated Cut,https://www.comingsoon.net/movies/news/1383066-five-nights-at-freddys-director-weighs-in-on-if-blumhouse-will-release-an-r-rated-cut,4,,
Screen Rant,Five Nights At Freddy's Rotten Tomatoes Score Can't Compete With Weekend's Other New Horror Movie,https://screenrant.com/five-nights-at-freddys-suitable-flesh-rotten-tomatoes-score-comparison/,6,,
Screen Rant,"""Come Find Me"": Five Nights At Freddy's Cryptic Post-Credits Message Sparks Discussions & Theories Online",https://screenrant.com/five-nights-freddys-post-credits-message-theory/,5,,
Screen Rant,Five Nights At Freddy's Continues An Amazing 12-Movie Video Game Rotten Tomatoes Streak,https://screenrant.com/five-nights-at-freddys-rotten-tomatoes-audience-score-streak/,5,,
Screen Rant,Why Five Nights At Freddy's Mike Forgives Vanessa Despite Her Connection To Springtrap,https://screenrant.com/five-nights-freddys-mike-vanessa-springtrap-connection/,3,,
Screen Rant,"Five Nights At Freddy's 2 Teased By FNAF Director: ""Anything Could Happen""",https://screenrant.com/five-nights-freddys-2-game-adaptation-future-sequel/,2,,
Screen Rant,Five Nights At Freddy's Peacock Viewership Revealed & It's Just As Astonishing As Its Box Office,https://screenrant.com/five-nights-at-freddys-peacock-most-watched-movie/,2,,
Screen Rant,Five Nights At Freddy's Biggest Twist Makes A Major Mike Reveal Less Likely,https://screenrant.com/five-nights-at-freddys-mike-schmidt-afton-twist/,5,,
Bleeding Cool News,"Rick and Morty Shares Its Own ""Five Nights at Freddy's""; S07E04 Promo",https://bleedingcool.com/tv/rick-and-morty-shares-its-own-five-nights-at-freddys-s07e04-promo/,0,Rick and mort adaptation ,
Nerdist,A Guide to THE HUNGER GAMES: THE BALLAD OF SONGBIRDS & SNAKES Characters,https://nerdist.com/article/the-hunger-games-ballad-of-songbirds-snakes-character-guide-coriolanus-snow-lucy-gray-baird/,1,,
Screen Rant,Five Night At Freddy's Circus Baby Easter Egg Sets Up The Perfect Spinoff Movie,https://screenrant.com/five-nights-at-freddys-circus-baby-sister-location-spinoff/,5,,
Just Jared,'Five Nights at Freddy's 2': Everything Director Emma Tammi Has Revealed So Far About Potential Sequel,https://www.justjared.com/2023/10/30/five-nights-at-freddys-2-everything-director-emma-tammi-has-revealed-so-far-about-potential-sequel/,5,,
Variety,Notorious Pictures Exec on Bringing ‘Hunger Games: The Ballad of Songbirds and Snakes’ to Lucca Comics & Games: Fans ‘Deeply Care About This IP’,https://variety.com/2023/film/global/hunger-games-ballad-songbirds-snakes-lucca-screening-1235772940/,7,,
Forbes,‘The Ballads Of Songbirds And Snakes’ Secures SAG-AFTRA Interim Agreement,https://www.forbes.com/sites/monicamercuri/2023/10/31/the-ballads-of-songbirds-and-snakes-secures-sag-aftra-interim-agreement/,2,,
Biztoc.com,‘Hunger Games’ Prequel Lands SAG-AFTRA Interim Agreement,https://biztoc.com/x/bd49611361d3aa87,2,,
/FILM,"The Marvels Underwent Four Weeks Of Reshoots, But Was It Enough?",https://www.slashfilm.com/1436036/the-marvels-underwent-four-weeks-reshoots-was-it-enough/,4,,
IndieWire,"Marvel in Disarray: New Report Says ‘She-Hulk’ Episodes Cost $25 Million, Doctor Doom Floated as Kang Replacement, and More",https://www.indiewire.com/news/breaking-news/marvel-disarray-she-hulk-episodes-cost-25-million-doctor-doom-kang-replacement-1234922076/,4,,
Deadline,‘Hunger Games’ Prequel Lands SAG-AFTRA Interim Agreement,https://deadline.com/2023/10/hunger-games-prequel-lands-sag-aftra-interim-agreement-1235587455/,2,,
Deadline,"Lionsgate Motion Picture Group Re-Ups Helen Lee-Kim As President, International In New Deal",https://deadline.com/2023/11/lionsgate-helen-lee-kim-international-president-1235591033/,0,,
Business Insider,"'No religion, smoking, doing drugs' on Apple TV+ — here's why and what's coming next to the tech giant's streamer",https://www.businessinsider.com/apple-tv-plus-shows-movies-streaming-raising-prices-2023-10,0,,
9to5Mac,"Apple announces new movie ‘The Family Plan’ starring Mark Wahlberg, streaming in time for Christmas",https://9to5mac.com/2023/11/01/apple-tv-the-family-plan-mark-wahlberg/,0,,
Knowyourmeme.com,What Does 'I Always Come Back' Mean And Why Do Five Nights At Freddy's Fans Say It?,https://knowyourmeme.com/editorials/guides/what-does-i-always-come-back-mean-and-why-do-five-nights-at-freddys-fans-say-it,5,,
Playstation.com,Marvel’s Spider-Man 2 Soundtrack Listening Party streaming Nov 2,https://blog.playstation.com/2023/10/30/marvels-spider-man-2-soundtrack-listening-party-streaming-nov-2/,1,,
GamesRadar+,Five Nights At Freddy's is slaying box office records,https://www.gamesradar.com/five-nights-at-freddys-box-office-records/,2,,
Screen Rant,"The Hunger Games: Catching Fire's 10 Most Dangerous Tributes, Ranked",https://screenrant.com/hunger-games-catching-fire-tributes-most-dangerous-ranked/,7,,
Knowyourmeme.com,15 'Five Nights At Freddy's' Memes To Celebrate The 'FNAF' Movie,https://knowyourmeme.com/editorials/collections/15-five-nights-at-freddys-memes-to-celebrate-the-fnaf-movie,0,Memes ,
Bleeding Cool News,"The Orville/Hulu, South Park, Doctor Who & More: BCTV Daily Dispatch",https://bleedingcool.com/tv/the-orville-hulu-south-park-doctor-who-more-bctv-daily-dispatch/,0,,
The A.V. Club,Marvel sounds pretty nervous about all that mess,https://www.avclub.com/marvel-sounds-pretty-nervous-about-all-that-mess-1850981505,4,,
Forbes,Olivia Rodrigo Announces New Music Just Weeks After Dropping Her Latest Album,https://www.forbes.com/sites/hughmcintyre/2023/11/02/olivia-rodrigo-announces-new-music-just-weeks-after-dropping-her-latest-album/,0,,
ComingSoon.net,Hunger Games’ Ballad of Songbirds and Snakes Receives SAG-AFTRA Interim Agreement,https://www.comingsoon.net/movies/news/1383154-hunger-games-ballad-of-songbirds-and-snakes-receives-sag-aftra-interim-agreement,2,4,
Screen Rant,"October 2023 Box Office Breakdown: 10 Biggest Stats, Records & Failures",https://screenrant.com/october-2023-box-office-breakdown-records-stats/,0,,
Deadline,"Disney’s ‘Wish’ Eyes $50M Debut, Apple & Sony’s ‘Napoleon’ To Gallop To $24M Over Thanksgiving 5-Day: Box Office Early Look",https://deadline.com/2023/11/box-office-wish-napoleon-projection-1235591106/,0,,
ComingSoon.net,"The Marvels Popcorn Bucket: Where to Buy the Container, Tub, and LED Cup",https://www.comingsoon.net/guides/news/1386029-the-marvels-popcorn-bucket-cup-where-to-buy-limited-edition-price-cinemark,0,Merch ,
Screen Rant,How Rachel Zegler's District 12 Tribute Parallels Katniss In The Hunger Games,https://screenrant.com/hunger-games-katniss-everdeen-lucy-gray-baird-parallels-director/,3,,
ComingSoon.net,The Marvels: Will Thanos Return to the MCU?,https://www.comingsoon.net/guides/news/1384294-the-marvels-will-thanos-return-to-mcu-marvel-cinematic-universe,5,,
HuffPost,'I Was Very Flattered': Seth Meyers Addresses Jennifer Lawrence Crush From 'SNL' Days,https://www.huffpost.com/entry/i-was-very-flattered-seth-meyers-addresses-jennifer-lawrence-crush-from-snl-days_n_654244dbe4b0ae2dc0b6208a,0,,
IndieWire,New ‘Hunger Games’ Movie — with $100 Million Budget — Scores an Interim Agreement from SAG-AFTRA,https://www.indiewire.com/news/breaking-news/new-hunger-games-movie-100-million-budget-interim-agreement-sag-aftra-1234921598/,2,,
Livejournal.com,New look at Olivia Rodrigo single for ‘The Hunger Games’,https://ohnotheydidnt.livejournal.com/127150479.html,7,,
GoNintendo,Five Nights at Freddy's director hints at sequel plans,https://gonintendo.com/contents/28017-five-nights-at-freddy-s-director-hints-at-sequel-plans,2,,
Just Jared,Olivia Rodrigo Seemingly Teases 'The Hunger Games: The Ballad of Songbirds & Snakes' Soundtrack Song,https://www.justjared.com/2023/11/01/olivia-rodrigo-seemingly-teases-the-hunger-games-the-ballad-of-songbirds-snakes-soundtrack-song/,7,,
IGN,Five Nights at Freddy’s Creator Responds to Movie Success,https://www.ign.com/articles/five-nights-at-freddys-creator-responds-to-movie-success,2,,
Forbes,‘Five Nights At Freddy’s’ Has One Of The Biggest Critic-Audience-Box Office Gaps Ever,https://www.forbes.com/sites/paultassi/2023/10/31/five-nights-at-freddys-has-one-of-the-biggest-critic-audience-box-office-gaps-ever/,5,,
ComingSoon.net,The Marvels Box Office Prediction: Will the Movie Flop or Succeed?,https://www.comingsoon.net/guides/news/1383510-the-marvels-box-office-prediction-projection-will-it-flop-succeed-cinema-theater,2,,
ComingSoon.net,Constantine 2 Update Given by DC Sequel’s Director,https://www.comingsoon.net/movies/news/1383124-constantine-2-update-given-by-dc-sequels-director,0,,
ComingSoon.net,The Marvels New Clip Highlights Captain Marvel and Ms. Marvel’s Body-Swapping Fights,https://www.comingsoon.net/movies/news/1384485-the-marvels-new-clip-highlights-captain-marvel-and-ms-marvels-body-swapping-fights,5,,
Digital Trends,Bringing back the original Avengers won’t save the MCU,https://www.digitaltrends.com/movies/bringing-back-the-original-avengers-wont-save-the-mcu/,5,,
TechRadar,The Marvels' new teaser might have confirmed a major link to Deadpool 3,https://www.techradar.com/streaming/entertainment/the-marvels-new-teaser-might-have-confirmed-a-major-link-to-deadpool-3,5,,
menshealth.com,Five Nights at Freddy’s Is Almost Definitely Getting a Sequel,https://www.menshealth.com/entertainment/a45697873/five-nights-at-freddys-sequel/,2,,
GamesRadar+,Five Nights at Freddy's has a hidden message in its credits that could set up a sequel,https://www.gamesradar.com/five-nights-at-freddys-hidden-message-end-credits/,5,,
IGN,Five Nights At Freddy's Fans React To Finally Seeing the Franchise on the Big Screen,https://www.ign.com/articles/five-nights-at-freddys-fans-react-to-movie,2,Fans react,
Dark Horizons,“The Marvels” Tops Poll As Russo Draws Ire,https://www.darkhorizons.com/the-marvels-tops-poll-as-russo-draws-ire/,1,,
Bleeding Cool News,The Ballad Of Songbirds & Snakes Snags SAG-AFTRA Interim Agreement,https://bleedingcool.com/movies/the-ballad-of-songbirds-snakes-snags-sag-aftra-interim-agreement/,2,,
Pajiba.com,Box Office Report: Mambo Number Five,https://www.pajiba.com/celebrities_are_better_than_you/box-office-report-five-nights-at-freddys-opens-huge-priscilla-strong-in-limited-release.php,2,,
Hurriyet Daily News,Scary ‘Freddy’s’ film scores big N America opening,https://www.hurriyetdailynews.com/scary-freddys-film-scores-big-n-america-opening-187466,4,,
esquire.com,Five Nights at Freddy's 2: Everything We Know,https://www.esquire.com/entertainment/movies/a45687984/five-nights-at-freddys-2-cast-release-date-spoilers/,1,,
GoNintendo,Five Nights at Freddy's officially scores biggest opening weekend for Blumhouse,https://gonintendo.com/contents/27999-five-nights-at-freddy-s-officially-scores-biggest-opening-weekend-for-blumhouse,2,,
GoNintendo,Five Nights at Freddy's sees biggest five-day opening in Peacock history,https://gonintendo.com/contents/28068-five-nights-at-freddy-s-sees-biggest-five-day-opening-in-peacock-history,2,,
Gizmodo.com,"New Marvel Book Designates MCU as Earth-616, Creating More Multiversal Headaches",https://gizmodo.com/mcu-timeline-earth-616-vs-earth-199999-confirmed-marvel-1850972538,1,,
ComingSoon.net,The Marvels Director Began a New Movie During MCU Sequel’s Postproduction,https://www.comingsoon.net/movies/news/1386167-the-marvels-director-began-a-new-movie-during-mcu-sequels-postproduction,4,,
NPR,Scream time: Has your kid been frightened by a horror movie trailer? Five nights ,https://www.npr.org/2023/10/30/1209466841/screen-time-kids-horror-movie,7,"Five nights, not in title (added for selection later)",
Deadline,Premiere Entertainment Boards Comedy ‘Plan B’ Starring Emmy Winner Jamie Lee & Jon Heder — AFM,https://deadline.com/2023/10/premiere-entertainment-plan-b-jamie-lee-jon-heder-afm-1235586890/,0,,
Just Jared,"The Richest 'Hunger Games' Stars, Ranked By Their Net Worth - The Top Earner is Worth $160 Million",https://www.justjared.com/2023/11/02/the-richest-hunger-games-stars-ranked-by-their-net-worth-the-top-earner-is-worth-160-million/,3,,
Deadline,"Vanessa Kirby & Sydney Sweeney Join Jude Law, Ana De Armas & Daniel Bruhl In Ron Howard’s Renamed Survival Thriller ‘Eden’ Ahead Of November Shoot; Hans Zimmer To Score For Imagine & AGC — AFM",https://deadline.com/2023/10/sydney-sweeney-vanessa-kirby-hans-zimmer-join-jude-law-ana-de-armas-ron-howard-eden-movie-australia-1235587009/,0,,
CBM (Comic Book Movie),New THE HUNGER GAMES: THE BALLAD OF THE SONGBIRDS AND SNAKES Clips See Lucy Gray Get Her Revenge,https://comicbookmovie.com/fantasy/new-the-hunger-games-the-ballad-of-the-songbirds-and-snakes-clips-see-lucy-gray-get-her-revenge-a207523,7,,
Just Jared,"Jennifer Lawrence is Likely Done With Her 'Hunger Games' Character, According to Franchise Producer & Director",https://www.justjared.com/2023/11/02/jennifer-lawrence-is-likely-done-with-her-hunger-games-character-according-to-franchise-producer-director/,3,,
Just Jared,'Hunger Games' Prequel Cast Takes Over Times Square for First Appearance Together Since Receiving SAG-AFTRA Interim Agreement,https://www.justjared.com/2023/11/02/hunger-games-prequel-cast-takes-over-times-square-for-first-appearance-together-since-receiving-sag-aftra-interim-agreement/,7,,
CBM (Comic Book Movie),THE MARVELS Beats AQUAMAN AND THE LOST KINGDOM To Be Named Fandango's Most Anticipated Holiday Movie,https://comicbookmovie.com/captain-marvel/the-marvels/the-marvels-beats-aquaman-and-the-lost-kingdom-to-be-named-fandangos-most-anticipated-holiday-movie-a207541,6,,
ComingSoon.net,Peacock November 2023 Schedule: New TV Shows & Movies Lineup,https://www.comingsoon.net/guides/news/1382910-peacock-november-2023-schedule-new-tv-shows-movies-lineup-release-dates,1,,
Forbes,What Is A SAG-AFTRA Interim Agreement? How Does It Work?,https://www.forbes.com/sites/tonifitzgerald/2023/11/01/what-is-a-sag-aftra-interim-agreement-how-does-it-work/,0,,
Forbes,‘Five Nights At Freddy’s’ Earns Third-Best Horror Movie Opening Weekend Of All Time—Here Are The Top Ten,https://www.forbes.com/sites/conormurray/2023/10/30/five-nights-at-freddys-earns-third-best-horror-movie-opening-weekend-of-all-time-here-are-the-top-ten/,1,,
GameSpot,Marvel Studios Might Bring Back Robert Downey Jr. And Scarlett Johansson For New Avengers Movie - Report,https://www.gamespot.com/articles/marvel-studios-might-bring-back-robert-downey-jr-and-scarlett-johansson-for-new-avengers-movie-report/1100-6518811/,3,,
JoBlo.com,"Imaginary: Jeff Wadlow’s Blumhouse horror film gets a new release date, trailer is in theatres",https://www.joblo.com/imaginary-new-release/,0,,
Gizmodo.com,The Marvels' Blazing Final Trailer Is Here,https://gizmodo.com/marvels-final-trailer-mcu-brie-larson-captain-marvel-1850995367,7,,
Gizmodo.com,Nia DaCosta Explains Why She Finished The Marvels Remotely,https://gizmodo.com/nia-dacosta-captain-marvel-2-production-controversy-1850995316,4,,
The A.V. Club,"Five Nights At Freddy's ""wins"" the box office again",https://www.avclub.com/five-nights-at-freddys-wins-the-box-office-again-1850993769,2,,
Ars Technica,Final trailer for The Marvels recalls past Avengers as a new threat looms,https://arstechnica.com/culture/2023/11/final-trailer-for-the-marvels-recalls-past-avengers-as-a-new-threat-looms/,7,,
/FILM,Five Nights At Freddy's Fell Hard At The Box Office – Was The Peacock Release A Mistake?,https://www.slashfilm.com/1439495/five-nights-at-freddys-fall-box-office-peacock-release/,2,,
/FILM,One Twilight Zone Episode Harnessed The Same Horror As Five Nights At Freddy's,https://www.slashfilm.com/1436291/the-twilight-zone-five-nights-at-freddys-the-after-hours/,6,,
/FILM,Five Nights At Freddy's Falls Hard At The Box Office With 78% Drop In Second Weekend,https://www.slashfilm.com/1438575/five-nights-at-freddys-second-weekend-box-office-drop/,2,,
/FILM,Five Nights At Freddy's Director Was Frightened By Freddy In A Very Real Way On Set,https://www.slashfilm.com/1432853/five-nights-at-freddys-movie-director-on-set-scare/,3,,
/FILM,From Five Nights At Freddy's To The Last Of Us: The Video Game Curse Has Lifted,https://www.slashfilm.com/1434312/five-nights-at-freddys-the-last-of-us-video-game-curse-has-lifted/,6,,
Polygon,What to catch up on before you see The Marvels,https://www.polygon.com/23951009/marvels-what-to-watch-catch-up-secret-invasion,1,,
Pitchfork,Olivia Rodrigo Shares New Song “Can’t Catch Me Now”: Listen,https://pitchfork.com/news/olivia-rodrigo-shares-new-song-cant-catch-me-now-listen/,0,,
Digital Trends,The Marvels just might be the MCU’s first huge box office disaster,https://www.digitaltrends.com/movies/the-marvels-mcu-first-box-office-bomb/,2,,
Gizmodo.com,The Marvels' Nia DaCosta Explains Why She Made a Family-Powered Movie,https://gizmodo.com/interview-nia-dacosta-the-marvels-centers-family-mcu-1850996502,3,,
Digital Trends,Is Marvel (finally) going to introduce the X-Men into the MCU in The Marvels?,https://www.digitaltrends.com/movies/the-marvels-x-men-intro-in-the-mcu-teased/,5,,
Gizmodo.com,"The Marvels' First Reactions Are Here, and All Over the Place",https://gizmodo.com/the-marvels-critic-reactions-reviews-mcu-brie-larson-1850996175,5,,
GameSpot,The Marvels Director Nia DaCosta Explains Finishing The Movie Remotely,https://www.gamespot.com/articles/the-marvels-director-nia-dacosta-explains-finishing-the-movie-remotely/1100-6518972/,4,,
The A.V. Club,The Marvels review: The MCU does battle with itself,https://www.avclub.com/the-marvels-film-review-mcu-brie-larson-1851001733,5,,
Screen Rant,10 Best Movies Like Five Nights At Freddy's,https://screenrant.com/movies-like-five-nights-at-freddys-watch/,1,,
GameSpot,The Marvels Post-Credits Sequence Leaked--Massive Spoilers,https://www.gamespot.com/articles/the-marvels-post-credits-sequence-leaked-massive-spoilers/1100-6519013/,0,Spoilers? Not trailer ,
Screen Rant,"Five Nights At Freddy's ""I Always Come Back"" Line Explained",https://screenrant.com/five-nights-at-freddys-william-afton-always-come-back-future/,5,,
The A.V. Club,The Marvels: what to watch before the new MCU movie,https://www.avclub.com/the-marvels-what-to-watch-before-the-new-mcu-movie-1851000708,1,,
Business Insider,Bob Iger admits Disney's movies aren't all that good anymore,https://www.businessinsider.com/bob-iger-admits-disney-movies-have-been-bad-2023-11,0,,
Stereogum,Olivia Rodrigo – “Can’t Catch Me Now”,https://www.stereogum.com/2241326/olivia-rodrigo-cant-catch-me-now/music/,0,,
Screen Rant,6 Five Nights At Freddy's Sequels & Spinoffs The Movie Sets Up,https://screenrant.com/five-nights-at-freddys-sequels-spinoffs-setup/,2,,
Screen Rant,Five Nights At Freddy's Breaks Major Horror Movie Box Office Record Of 2023,https://screenrant.com/five-nights-at-freddys-top-2023-horror-box-office/,2,,